{"ADD":131072,"ADD_CIRCLED":131073,"ADD_CIRCLED_SOLID":131074,"AIRPLANE":131075,"ALARM":131076,"ALARM_FILL":131077,"ALT":131078,"ANT":131079,"ANT_CIRCLE":131080,"ANT_CIRCLE_FILL":131081,"ANT_FILL":131082,"ANTENNA_RADIOWAVES_LEFT_RIGHT":131083,"APP":131084,"APP_BADGE":131085,"APP_BADGE_FILL":131086,"APP_FILL":131087,"ARCHIVEBOX":131088,"ARCHIVEBOX_FILL":131089,"ARROW_2_CIRCLEPATH":131090,"ARROW_2_CIRCLEPATH_CIRCLE":131091,"ARROW_2_CIRCLEPATH_CIRCLE_FILL":131092,"ARROW_2_SQUAREPATH":131093,"ARROW_3_TRIANGLEPATH":131094,"ARROW_BRANCH":131095,"ARROW_CLOCKWISE":131096,"ARROW_CLOCKWISE_CIRCLE":131097,"ARROW_CLOCKWISE_CIRCLE_FILL":131098,"ARROW_COUNTERCLOCKWISE":131099,"ARROW_COUNTERCLOCKWISE_CIRCLE":131100,"ARROW_COUNTERCLOCKWISE_CIRCLE_FILL":131101,"ARROW_DOWN":131102,"ARROW_DOWN_CIRCLE":131103,"ARROW_DOWN_CIRCLE_FILL":131104,"ARROW_DOWN_DOC":131105,"ARROW_DOWN_DOC_FILL":131106,"ARROW_DOWN_LEFT":131107,"ARROW_DOWN_LEFT_CIRCLE":131108,"ARROW_DOWN_LEFT_CIRCLE_FILL":131109,"ARROW_DOWN_LEFT_SQUARE":131110,"ARROW_DOWN_LEFT_SQUARE_FILL":131111,"ARROW_DOWN_RIGHT":131112,"ARROW_DOWN_RIGHT_ARROW_UP_LEFT":131113,"ARROW_DOWN_RIGHT_CIRCLE":131114,"ARROW_DOWN_RIGHT_CIRCLE_FILL":131115,"ARROW_DOWN_RIGHT_SQUARE":131116,"ARROW_DOWN_RIGHT_SQUARE_FILL":131117,"ARROW_DOWN_SQUARE":131118,"ARROW_DOWN_SQUARE_FILL":131119,"ARROW_DOWN_TO_LINE":131120,"ARROW_DOWN_TO_LINE_ALT":131121,"ARROW_LEFT":131122,"ARROW_LEFT_CIRCLE":131123,"ARROW_LEFT_CIRCLE_FILL":131124,"ARROW_LEFT_RIGHT":131125,"ARROW_LEFT_RIGHT_CIRCLE":131126,"ARROW_LEFT_RIGHT_CIRCLE_FILL":131127,"ARROW_LEFT_RIGHT_SQUARE":131128,"ARROW_LEFT_RIGHT_SQUARE_FILL":131129,"ARROW_LEFT_SQUARE":131130,"ARROW_LEFT_SQUARE_FILL":131131,"ARROW_LEFT_TO_LINE":131132,"ARROW_LEFT_TO_LINE_ALT":131133,"ARROW_MERGE":131134,"ARROW_RIGHT":131135,"ARROW_RIGHT_ARROW_LEFT":131136,"ARROW_RIGHT_ARROW_LEFT_CIRCLE":131137,"ARROW_RIGHT_ARROW_LEFT_CIRCLE_FILL":131138,"ARROW_RIGHT_ARROW_LEFT_SQUARE":131139,"ARROW_RIGHT_ARROW_LEFT_SQUARE_FILL":131140,"ARROW_RIGHT_CIRCLE":131141,"ARROW_RIGHT_CIRCLE_FILL":131142,"ARROW_RIGHT_SQUARE":131143,"ARROW_RIGHT_SQUARE_FILL":131144,"ARROW_RIGHT_TO_LINE":131145,"ARROW_RIGHT_TO_LINE_ALT":131146,"ARROW_SWAP":131147,"ARROW_TURN_DOWN_LEFT":131148,"ARROW_TURN_DOWN_RIGHT":131149,"ARROW_TURN_LEFT_DOWN":131150,"ARROW_TURN_LEFT_UP":131151,"ARROW_TURN_RIGHT_DOWN":131152,"ARROW_TURN_RIGHT_UP":131153,"ARROW_TURN_UP_LEFT":131154,"ARROW_TURN_UP_RIGHT":131155,"ARROW_UP":131156,"ARROW_UP_ARROW_DOWN":131157,"ARROW_UP_ARROW_DOWN_CIRCLE":131158,"ARROW_UP_ARROW_DOWN_CIRCLE_FILL":131159,"ARROW_UP_ARROW_DOWN_SQUARE":131160,"ARROW_UP_ARROW_DOWN_SQUARE_FILL":131161,"ARROW_UP_BIN":131162,"ARROW_UP_BIN_FILL":131163,"ARROW_UP_CIRCLE":131164,"ARROW_UP_CIRCLE_FILL":131165,"ARROW_UP_DOC":131166,"ARROW_UP_DOC_FILL":131167,"ARROW_UP_DOWN":131168,"ARROW_UP_DOWN_CIRCLE":131169,"ARROW_UP_DOWN_CIRCLE_FILL":131170,"ARROW_UP_DOWN_SQUARE":131171,"ARROW_UP_DOWN_SQUARE_FILL":131172,"ARROW_UP_LEFT":131173,"ARROW_UP_LEFT_ARROW_DOWN_RIGHT":131174,"ARROW_UP_LEFT_CIRCLE":131175,"ARROW_UP_LEFT_CIRCLE_FILL":131176,"ARROW_UP_LEFT_SQUARE":131177,"ARROW_UP_LEFT_SQUARE_FILL":131178,"ARROW_UP_RIGHT":131179,"ARROW_UP_RIGHT_CIRCLE":131180,"ARROW_UP_RIGHT_CIRCLE_FILL":131181,"ARROW_UP_RIGHT_DIAMOND":131182,"ARROW_UP_RIGHT_DIAMOND_FILL":131183,"ARROW_UP_RIGHT_SQUARE":131184,"ARROW_UP_RIGHT_SQUARE_FILL":131185,"ARROW_UP_SQUARE":131186,"ARROW_UP_SQUARE_FILL":131187,"ARROW_UP_TO_LINE":131188,"ARROW_UP_TO_LINE_ALT":131189,"ARROW_UTURN_DOWN":131190,"ARROW_UTURN_DOWN_CIRCLE":131191,"ARROW_UTURN_DOWN_CIRCLE_FILL":131192,"ARROW_UTURN_DOWN_SQUARE":131193,"ARROW_UTURN_DOWN_SQUARE_FILL":131194,"ARROW_UTURN_LEFT":131195,"ARROW_UTURN_LEFT_CIRCLE":131196,"ARROW_UTURN_LEFT_CIRCLE_FILL":131197,"ARROW_UTURN_LEFT_SQUARE":131198,"ARROW_UTURN_LEFT_SQUARE_FILL":131199,"ARROW_UTURN_RIGHT":131200,"ARROW_UTURN_RIGHT_CIRCLE":131201,"ARROW_UTURN_RIGHT_CIRCLE_FILL":131202,"ARROW_UTURN_RIGHT_SQUARE":131203,"ARROW_UTURN_RIGHT_SQUARE_FILL":131204,"ARROW_UTURN_UP":131205,"ARROW_UTURN_UP_CIRCLE":131206,"ARROW_UTURN_UP_CIRCLE_FILL":131207,"ARROW_UTURN_UP_SQUARE":131208,"ARROW_UTURN_UP_SQUARE_FILL":131209,"ARROWSHAPE_TURN_UP_LEFT":131210,"ARROWSHAPE_TURN_UP_LEFT_2":131211,"ARROWSHAPE_TURN_UP_LEFT_2_FILL":131212,"ARROWSHAPE_TURN_UP_LEFT_CIRCLE":131213,"ARROWSHAPE_TURN_UP_LEFT_CIRCLE_FILL":131214,"ARROWSHAPE_TURN_UP_LEFT_FILL":131215,"ARROWSHAPE_TURN_UP_RIGHT":131216,"ARROWSHAPE_TURN_UP_RIGHT_CIRCLE":131217,"ARROWSHAPE_TURN_UP_RIGHT_CIRCLE_FILL":131218,"ARROWSHAPE_TURN_UP_RIGHT_FILL":131219,"ARROWTRIANGLE_DOWN":131220,"ARROWTRIANGLE_DOWN_CIRCLE":131221,"ARROWTRIANGLE_DOWN_CIRCLE_FILL":131222,"ARROWTRIANGLE_DOWN_FILL":131223,"ARROWTRIANGLE_DOWN_SQUARE":131224,"ARROWTRIANGLE_DOWN_SQUARE_FILL":131225,"ARROWTRIANGLE_LEFT":131226,"ARROWTRIANGLE_LEFT_CIRCLE":131227,"ARROWTRIANGLE_LEFT_CIRCLE_FILL":131228,"ARROWTRIANGLE_LEFT_FILL":131229,"ARROWTRIANGLE_LEFT_SQUARE":131230,"ARROWTRIANGLE_LEFT_SQUARE_FILL":131231,"ARROWTRIANGLE_RIGHT":131232,"ARROWTRIANGLE_RIGHT_CIRCLE":131233,"ARROWTRIANGLE_RIGHT_CIRCLE_FILL":131234,"ARROWTRIANGLE_RIGHT_FILL":131235,"ARROWTRIANGLE_RIGHT_SQUARE":131236,"ARROWTRIANGLE_RIGHT_SQUARE_FILL":131237,"ARROWTRIANGLE_UP":131238,"ARROWTRIANGLE_UP_CIRCLE":131239,"ARROWTRIANGLE_UP_CIRCLE_FILL":131240,"ARROWTRIANGLE_UP_FILL":131241,"ARROWTRIANGLE_UP_SQUARE":131242,"ARROWTRIANGLE_UP_SQUARE_FILL":131243,"ASTERISK_CIRCLE":131244,"ASTERISK_CIRCLE_FILL":131245,"AT":131246,"AT_BADGE_MINUS":131247,"AT_BADGE_PLUS":131248,"AT_CIRCLE":131249,"AT_CIRCLE_FILL":131250,"BACK":131251,"BACKWARD":131252,"BACKWARD_END":131253,"BACKWARD_END_ALT":131254,"BACKWARD_END_ALT_FILL":131255,"BACKWARD_END_FILL":131256,"BACKWARD_FILL":131257,"BADGE_PLUS_RADIOWAVES_RIGHT":131258,"BAG":131259,"BAG_BADGE_MINUS":131260,"BAG_BADGE_PLUS":131261,"BAG_FILL":131262,"BAG_FILL_BADGE_MINUS":131263,"BAG_FILL_BADGE_PLUS":131264,"BANDAGE":131265,"BANDAGE_FILL":131266,"BARCODE":131267,"BARCODE_VIEWFINDER":131268,"BARS":131269,"BATTERY_0":131270,"BATTERY_100":131271,"BATTERY_25":131272,"BATTERY_25_PERCENT":131273,"BATTERY_75_PERCENT":131274,"BATTERY_CHARGING":131275,"BATTERY_EMPTY":131276,"BATTERY_FULL":131277,"BED_DOUBLE":131278,"BED_DOUBLE_FILL":131279,"BELL":131280,"BELL_CIRCLE":131281,"BELL_CIRCLE_FILL":131282,"BELL_FILL":131283,"BELL_SLASH":131284,"BELL_SLASH_FILL":131285,"BELL_SOLID":131286,"BIN_XMARK":131287,"BIN_XMARK_FILL":131288,"BITCOIN":131289,"BITCOIN_CIRCLE":131290,"BITCOIN_CIRCLE_FILL":131291,"BLUETOOTH":131292,"BOLD":131293,"BOLD_ITALIC_UNDERLINE":131294,"BOLD_UNDERLINE":131295,"BOLT":131296,"BOLT_BADGE_A":131297,"BOLT_BADGE_A_FILL":131298,"BOLT_CIRCLE":131299,"BOLT_CIRCLE_FILL":131300,"BOLT_FILL":131301,"BOLT_HORIZONTAL":131302,"BOLT_HORIZONTAL_CIRCLE":131303,"BOLT_HORIZONTAL_CIRCLE_FILL":131304,"BOLT_HORIZONTAL_FILL":131305,"BOLT_SLASH":131306,"BOLT_SLASH_FILL":131307,"BOOK":131308,"BOOK_CIRCLE":131309,"BOOK_CIRCLE_FILL":131310,"BOOK_FILL":131311,"BOOK_SOLID":131312,"BOOKMARK":131313,"BOOKMARK_FILL":131314,"BOOKMARK_SOLID":131315,"BRIEFCASE":131316,"BRIEFCASE_FILL":131317,"BRIGHTNESS":131318,"BRIGHTNESS_SOLID":131319,"BUBBLE_LEFT":131320,"BUBBLE_LEFT_BUBBLE_RIGHT":131321,"BUBBLE_LEFT_BUBBLE_RIGHT_FILL":131322,"BUBBLE_LEFT_FILL":131323,"BUBBLE_MIDDLE_BOTTOM":131324,"BUBBLE_MIDDLE_BOTTOM_FILL":131325,"BUBBLE_MIDDLE_TOP":131326,"BUBBLE_MIDDLE_TOP_FILL":131327,"BUBBLE_RIGHT":131328,"BUBBLE_RIGHT_FILL":131329,"BUILDING_2_FILL":131330,"BURN":131331,"BURST":131332,"BURST_FILL":131333,"BUS":131334,"CALENDAR":131335,"CALENDAR_BADGE_MINUS":131336,"CALENDAR_BADGE_PLUS":131337,"CALENDAR_CIRCLE":131338,"CALENDAR_CIRCLE_FILL":131339,"CALENDAR_TODAY":131340,"CAMERA":131341,"CAMERA_CIRCLE":131342,"CAMERA_CIRCLE_FILL":131343,"CAMERA_FILL":131344,"CAMERA_ON_RECTANGLE":131345,"CAMERA_ON_RECTANGLE_FILL":131346,"CAMERA_ROTATE":131347,"CAMERA_ROTATE_FILL":131348,"CAMERA_VIEWFINDER":131349,"CAPSLOCK":131350,"CAPSLOCK_FILL":131351,"CAPSULE":131352,"CAPSULE_FILL":131353,"CAPTIONS_BUBBLE":131354,"CAPTIONS_BUBBLE_FILL":131355,"CAR":131356,"CAR_DETAILED":131357,"CAR_FILL":131358,"CART":131359,"CART_BADGE_MINUS":131360,"CART_BADGE_PLUS":131361,"CART_FILL":131362,"CART_FILL_BADGE_MINUS":131363,"CART_FILL_BADGE_PLUS":131364,"CHART_BAR":131365,"CHART_BAR_ALT_FILL":131366,"CHART_BAR_CIRCLE":131367,"CHART_BAR_CIRCLE_FILL":131368,"CHART_BAR_FILL":131369,"CHART_BAR_SQUARE":131370,"CHART_BAR_SQUARE_FILL":131371,"CHART_PIE":131372,"CHART_PIE_FILL":131373,"CHAT_BUBBLE":131374,"CHAT_BUBBLE_2":131375,"CHAT_BUBBLE_2_FILL":131376,"CHAT_BUBBLE_FILL":131377,"CHAT_BUBBLE_TEXT":131378,"CHAT_BUBBLE_TEXT_FILL":131379,"CHECK_MARK":131380,"CHECK_MARK_CIRCLED":131381,"CHECK_MARK_CIRCLED_SOLID":131382,"CHECKMARK":131383,"CHECKMARK_ALT":131384,"CHECKMARK_ALT_CIRCLE":131385,"CHECKMARK_ALT_CIRCLE_FILL":131386,"CHECKMARK_CIRCLE":131387,"CHECKMARK_CIRCLE_FILL":131388,"CHECKMARK_RECTANGLE":131389,"CHECKMARK_RECTANGLE_FILL":131390,"CHECKMARK_SEAL":131391,"CHECKMARK_SEAL_FILL":131392,"CHECKMARK_SHIELD":131393,"CHECKMARK_SHIELD_FILL":131394,"CHECKMARK_SQUARE":131395,"CHECKMARK_SQUARE_FILL":131396,"CHEVRON_BACK":131397,"CHEVRON_COMPACT_DOWN":131398,"CHEVRON_COMPACT_LEFT":131399,"CHEVRON_COMPACT_RIGHT":131400,"CHEVRON_COMPACT_UP":131401,"CHEVRON_DOWN":131402,"CHEVRON_DOWN_CIRCLE":131403,"CHEVRON_DOWN_CIRCLE_FILL":131404,"CHEVRON_DOWN_SQUARE":131405,"CHEVRON_DOWN_SQUARE_FILL":131406,"CHEVRON_FORWARD":131407,"CHEVRON_LEFT":131408,"CHEVRON_LEFT_2":131409,"CHEVRON_LEFT_CIRCLE":131410,"CHEVRON_LEFT_CIRCLE_FILL":131411,"CHEVRON_LEFT_SLASH_CHEVRON_RIGHT":131412,"CHEVRON_LEFT_SQUARE":131413,"CHEVRON_LEFT_SQUARE_FILL":131414,"CHEVRON_RIGHT":131415,"CHEVRON_RIGHT_2":131416,"CHEVRON_RIGHT_CIRCLE":131417,"CHEVRON_RIGHT_CIRCLE_FILL":131418,"CHEVRON_RIGHT_SQUARE":131419,"CHEVRON_RIGHT_SQUARE_FILL":131420,"CHEVRON_UP":131421,"CHEVRON_UP_CHEVRON_DOWN":131422,"CHEVRON_UP_CIRCLE":131423,"CHEVRON_UP_CIRCLE_FILL":131424,"CHEVRON_UP_SQUARE":131425,"CHEVRON_UP_SQUARE_FILL":131426,"CIRCLE":131427,"CIRCLE_BOTTOMTHIRD_SPLIT":131428,"CIRCLE_FILL":131429,"CIRCLE_FILLED":131430,"CIRCLE_GRID_3X3":131431,"CIRCLE_GRID_3X3_FILL":131432,"CIRCLE_GRID_HEX":131433,"CIRCLE_GRID_HEX_FILL":131434,"CIRCLE_LEFTHALF_FILL":131435,"CIRCLE_RIGHTHALF_FILL":131436,"CLEAR":131437,"CLEAR_CIRCLED":131438,"CLEAR_CIRCLED_SOLID":131439,"CLEAR_FILL":131440,"CLEAR_THICK":131441,"CLEAR_THICK_CIRCLED":131442,"CLOCK":131443,"CLOCK_FILL":131444,"CLOCK_SOLID":131445,"CLOUD":131446,"CLOUD_BOLT":131447,"CLOUD_BOLT_FILL":131448,"CLOUD_BOLT_RAIN":131449,"CLOUD_BOLT_RAIN_FILL":131450,"CLOUD_DOWNLOAD":131451,"CLOUD_DOWNLOAD_FILL":131452,"CLOUD_DRIZZLE":131453,"CLOUD_DRIZZLE_FILL":131454,"CLOUD_FILL":131455,"CLOUD_FOG":131456,"CLOUD_FOG_FILL":131457,"CLOUD_HAIL":131458,"CLOUD_HAIL_FILL":131459,"CLOUD_HEAVYRAIN":131460,"CLOUD_HEAVYRAIN_FILL":131461,"CLOUD_MOON":131462,"CLOUD_MOON_BOLT":131463,"CLOUD_MOON_BOLT_FILL":131464,"CLOUD_MOON_FILL":131465,"CLOUD_MOON_RAIN":131466,"CLOUD_MOON_RAIN_FILL":131467,"CLOUD_RAIN":131468,"CLOUD_RAIN_FILL":131469,"CLOUD_SLEET":131470,"CLOUD_SLEET_FILL":131471,"CLOUD_SNOW":131472,"CLOUD_SNOW_FILL":131473,"CLOUD_SUN":131474,"CLOUD_SUN_BOLT":131475,"CLOUD_SUN_BOLT_FILL":131476,"CLOUD_SUN_FILL":131477,"CLOUD_SUN_RAIN":131478,"CLOUD_SUN_RAIN_FILL":131479,"CLOUD_UPLOAD":131480,"CLOUD_UPLOAD_FILL":131481,"COLLECTIONS":131482,"COLLECTIONS_SOLID":131483,"COLOR_FILTER":131484,"COLOR_FILTER_FILL":131485,"COMMAND":131486,"COMPASS":131487,"COMPASS_FILL":131488,"CONTROL":131489,"CONVERSATION_BUBBLE":131490,"CREATE":131491,"CREATE_SOLID":131492,"CREDITCARD":131493,"CREDITCARD_FILL":131494,"CROP":131495,"CROP_ROTATE":131496,"CUBE":131497,"CUBE_BOX":131498,"CUBE_BOX_FILL":131499,"CUBE_FILL":131500,"CURSOR_RAYS":131501,"DECREASE_INDENT":131502,"DECREASE_QUOTELEVEL":131503,"DELETE":131504,"DELETE_LEFT":131505,"DELETE_LEFT_FILL":131506,"DELETE_RIGHT":131507,"DELETE_RIGHT_FILL":131508,"DELETE_SIMPLE":131509,"DELETE_SOLID":131510,"DESKTOPCOMPUTER":131511,"DEVICE_DESKTOP":131512,"DEVICE_LAPTOP":131513,"DEVICE_PHONE_LANDSCAPE":131514,"DEVICE_PHONE_PORTRAIT":131515,"DIAL":131516,"DIAL_FILL":131517,"DIVIDE":131518,"DIVIDE_CIRCLE":131519,"DIVIDE_CIRCLE_FILL":131520,"DIVIDE_SQUARE":131521,"DIVIDE_SQUARE_FILL":131522,"DOC":131523,"DOC_APPEND":131524,"DOC_CHART":131525,"DOC_CHART_FILL":131526,"DOC_CHECKMARK":131527,"DOC_CHECKMARK_FILL":131528,"DOC_CIRCLE":131529,"DOC_CIRCLE_FILL":131530,"DOC_FILL":131531,"DOC_ON_CLIPBOARD":131532,"DOC_ON_CLIPBOARD_FILL":131533,"DOC_ON_DOC":131534,"DOC_ON_DOC_FILL":131535,"DOC_PERSON":131536,"DOC_PERSON_FILL":131537,"DOC_PLAINTEXT":131538,"DOC_RICHTEXT":131539,"DOC_TEXT":131540,"DOC_TEXT_FILL":131541,"DOC_TEXT_SEARCH":131542,"DOC_TEXT_VIEWFINDER":131543,"DOT_RADIOWAVES_LEFT_RIGHT":131544,"DOT_RADIOWAVES_RIGHT":131545,"DOT_SQUARE":131546,"DOT_SQUARE_FILL":131547,"DOUBLE_MUSIC_NOTE":131548,"DOWN_ARROW":131549,"DOWNLOAD_CIRCLE":131550,"DOWNLOAD_CIRCLE_FILL":131551,"DROP":131552,"DROP_FILL":131553,"DROP_TRIANGLE":131554,"DROP_TRIANGLE_FILL":131555,"EAR":131556,"EJECT":131557,"EJECT_FILL":131558,"ELLIPSES_BUBBLE":131559,"ELLIPSES_BUBBLE_FILL":131560,"ELLIPSIS":131561,"ELLIPSIS_CIRCLE":131562,"ELLIPSIS_CIRCLE_FILL":131563,"ELLIPSIS_VERTICAL":131564,"ELLIPSIS_VERTICAL_CIRCLE":131565,"ELLIPSIS_VERTICAL_CIRCLE_FILL":131566,"ENVELOPE":131567,"ENVELOPE_BADGE":131568,"ENVELOPE_BADGE_FILL":131569,"ENVELOPE_CIRCLE":131570,"ENVELOPE_CIRCLE_FILL":131571,"ENVELOPE_FILL":131572,"ENVELOPE_OPEN":131573,"ENVELOPE_OPEN_FILL":131574,"EQUAL":131575,"EQUAL_CIRCLE":131576,"EQUAL_CIRCLE_FILL":131577,"EQUAL_SQUARE":131578,"EQUAL_SQUARE_FILL":131579,"ESCAPE":131580,"EXCLAMATIONMARK":131581,"EXCLAMATIONMARK_BUBBLE":131582,"EXCLAMATIONMARK_BUBBLE_FILL":131583,"EXCLAMATIONMARK_CIRCLE":131584,"EXCLAMATIONMARK_CIRCLE_FILL":131585,"EXCLAMATIONMARK_OCTAGON":131586,"EXCLAMATIONMARK_OCTAGON_FILL":131587,"EXCLAMATIONMARK_SHIELD":131588,"EXCLAMATIONMARK_SHIELD_FILL":131589,"EXCLAMATIONMARK_SQUARE":131590,"EXCLAMATIONMARK_SQUARE_FILL":131591,"EXCLAMATIONMARK_TRIANGLE":131592,"EXCLAMATIONMARK_TRIANGLE_FILL":131593,"EYE":131594,"EYE_FILL":131595,"EYE_SLASH":131596,"EYE_SLASH_FILL":131597,"EYE_SOLID":131598,"EYEDROPPER":131599,"EYEDROPPER_FULL":131600,"EYEDROPPER_HALFFULL":131601,"EYEGLASSES":131602,"F_CURSIVE":131603,"F_CURSIVE_CIRCLE":131604,"F_CURSIVE_CIRCLE_FILL":131605,"FILM":131606,"FILM_FILL":131607,"FLAG":131608,"FLAG_CIRCLE":131609,"FLAG_CIRCLE_FILL":131610,"FLAG_FILL":131611,"FLAG_SLASH":131612,"FLAG_SLASH_FILL":131613,"FLAME":131614,"FLAME_FILL":131615,"FLOPPY_DISK":131616,"FLOWCHART":131617,"FLOWCHART_FILL":131618,"FOLDER":131619,"FOLDER_BADGE_MINUS":131620,"FOLDER_BADGE_PERSON_CROP":131621,"FOLDER_BADGE_PLUS":131622,"FOLDER_CIRCLE":131623,"FOLDER_CIRCLE_FILL":131624,"FOLDER_FILL":131625,"FOLDER_FILL_BADGE_MINUS":131626,"FOLDER_FILL_BADGE_PERSON_CROP":131627,"FOLDER_FILL_BADGE_PLUS":131628,"FOLDER_OPEN":131629,"FOLDER_SOLID":131630,"FORWARD":131631,"FORWARD_END":131632,"FORWARD_END_ALT":131633,"FORWARD_END_ALT_FILL":131634,"FORWARD_END_FILL":131635,"FORWARD_FILL":131636,"FULLSCREEN":131637,"FULLSCREEN_EXIT":131638,"FUNCTION":131639,"FX":131640,"GAME_CONTROLLER":131641,"GAME_CONTROLLER_SOLID":131642,"GAMECONTROLLER":131643,"GAMECONTROLLER_ALT_FILL":131644,"GAMECONTROLLER_FILL":131645,"GAUGE":131646,"GAUGE_BADGE_MINUS":131647,"GAUGE_BADGE_PLUS":131648,"GEAR":131649,"GEAR_ALT":131650,"GEAR_ALT_FILL":131651,"GEAR_BIG":131652,"GEAR_SOLID":131653,"GIFT":131654,"GIFT_ALT":131655,"GIFT_ALT_FILL":131656,"GIFT_FILL":131657,"GLOBE":131658,"GOBACKWARD":131659,"GOBACKWARD_10":131660,"GOBACKWARD_15":131661,"GOBACKWARD_30":131662,"GOBACKWARD_45":131663,"GOBACKWARD_60":131664,"GOBACKWARD_75":131665,"GOBACKWARD_90":131666,"GOBACKWARD_MINUS":131667,"GOFORWARD":131668,"GOFORWARD_10":131669,"GOFORWARD_15":131670,"GOFORWARD_30":131671,"GOFORWARD_45":131672,"GOFORWARD_60":131673,"GOFORWARD_75":131674,"GOFORWARD_90":131675,"GOFORWARD_PLUS":131676,"GRAPH_CIRCLE":131677,"GRAPH_CIRCLE_FILL":131678,"GRAPH_SQUARE":131679,"GRAPH_SQUARE_FILL":131680,"GREATERTHAN":131681,"GREATERTHAN_CIRCLE":131682,"GREATERTHAN_CIRCLE_FILL":131683,"GREATERTHAN_SQUARE":131684,"GREATERTHAN_SQUARE_FILL":131685,"GRID":131686,"GRID_CIRCLE":131687,"GRID_CIRCLE_FILL":131688,"GROUP":131689,"GROUP_SOLID":131690,"GUITARS":131691,"HAMMER":131692,"HAMMER_FILL":131693,"HAND_DRAW":131694,"HAND_DRAW_FILL":131695,"HAND_POINT_LEFT":131696,"HAND_POINT_LEFT_FILL":131697,"HAND_POINT_RIGHT":131698,"HAND_POINT_RIGHT_FILL":131699,"HAND_RAISED":131700,"HAND_RAISED_FILL":131701,"HAND_RAISED_SLASH":131702,"HAND_RAISED_SLASH_FILL":131703,"HAND_THUMBSDOWN":131704,"HAND_THUMBSDOWN_FILL":131705,"HAND_THUMBSUP":131706,"HAND_THUMBSUP_FILL":131707,"HARE":131708,"HARE_FILL":131709,"HEADPHONES":131710,"HEART":131711,"HEART_CIRCLE":131712,"HEART_CIRCLE_FILL":131713,"HEART_FILL":131714,"HEART_SLASH":131715,"HEART_SLASH_CIRCLE":131716,"HEART_SLASH_CIRCLE_FILL":131717,"HEART_SLASH_FILL":131718,"HEART_SOLID":131719,"HELM":131720,"HEXAGON":131721,"HEXAGON_FILL":131722,"HIFISPEAKER":131723,"HIFISPEAKER_FILL":131724,"HOME":131725,"HOURGLASS":131726,"HOURGLASS_BOTTOMHALF_FILL":131727,"HOURGLASS_TOPHALF_FILL":131728,"HOUSE":131729,"HOUSE_ALT":131730,"HOUSE_ALT_FILL":131731,"HOUSE_FILL":131732,"HURRICANE":131733,"INCREASE_INDENT":131734,"INCREASE_QUOTELEVEL":131735,"INFINITE":131736,"INFO":131737,"INFO_CIRCLE":131738,"INFO_CIRCLE_FILL":131739,"ITALIC":131740,"KEYBOARD":131741,"KEYBOARD_CHEVRON_COMPACT_DOWN":131742,"LAB_FLASK":131743,"LAB_FLASK_SOLID":131744,"LARGECIRCLE_FILL_CIRCLE":131745,"LASSO":131746,"LAYERS":131747,"LAYERS_ALT":131748,"LAYERS_ALT_FILL":131749,"LAYERS_FILL":131750,"LEAF_ARROW_CIRCLEPATH":131751,"LEFT_CHEVRON":131752,"LESSTHAN":131753,"LESSTHAN_CIRCLE":131754,"LESSTHAN_CIRCLE_FILL":131755,"LESSTHAN_SQUARE":131756,"LESSTHAN_SQUARE_FILL":131757,"LIGHT_MAX":131758,"LIGHT_MIN":131759,"LIGHTBULB":131760,"LIGHTBULB_FILL":131761,"LIGHTBULB_SLASH":131762,"LIGHTBULB_SLASH_FILL":131763,"LINE_HORIZONTAL_3":131764,"LINE_HORIZONTAL_3_DECREASE":131765,"LINE_HORIZONTAL_3_DECREASE_CIRCLE":131766,"LINE_HORIZONTAL_3_DECREASE_CIRCLE_FILL":131767,"LINK":131768,"LINK_CIRCLE":131769,"LINK_CIRCLE_FILL":131770,"LIST_BULLET":131771,"LIST_BULLET_BELOW_RECTANGLE":131772,"LIST_BULLET_INDENT":131773,"LIST_DASH":131774,"LIST_NUMBER":131775,"LIST_NUMBER_RTL":131776,"LOCATION":131777,"LOCATION_CIRCLE":131778,"LOCATION_CIRCLE_FILL":131779,"LOCATION_FILL":131780,"LOCATION_NORTH":131781,"LOCATION_NORTH_FILL":131782,"LOCATION_NORTH_LINE":131783,"LOCATION_NORTH_LINE_FILL":131784,"LOCATION_SLASH":131785,"LOCATION_SLASH_FILL":131786,"LOCATION_SOLID":131787,"LOCK":131788,"LOCK_CIRCLE":131789,"LOCK_CIRCLE_FILL":131790,"LOCK_FILL":131791,"LOCK_OPEN":131792,"LOCK_OPEN_FILL":131793,"LOCK_ROTATION":131794,"LOCK_ROTATION_OPEN":131795,"LOCK_SHIELD":131796,"LOCK_SHIELD_FILL":131797,"LOCK_SLASH":131798,"LOCK_SLASH_FILL":131799,"LOOP":131800,"LOOP_THICK":131801,"MACWINDOW":131802,"MAIL":131803,"MAIL_SOLID":131804,"MAP":131805,"MAP_FILL":131806,"MAP_PIN":131807,"MAP_PIN_ELLIPSE":131808,"MAP_PIN_SLASH":131809,"MEMORIES":131810,"MEMORIES_BADGE_MINUS":131811,"MEMORIES_BADGE_PLUS":131812,"METRONOME":131813,"MIC":131814,"MIC_CIRCLE":131815,"MIC_CIRCLE_FILL":131816,"MIC_FILL":131817,"MIC_OFF":131818,"MIC_SLASH":131819,"MIC_SLASH_FILL":131820,"MIC_SOLID":131821,"MINUS":131822,"MINUS_CIRCLE":131823,"MINUS_CIRCLE_FILL":131824,"MINUS_CIRCLED":131825,"MINUS_RECTANGLE":131826,"MINUS_RECTANGLE_FILL":131827,"MINUS_SLASH_PLUS":131828,"MINUS_SQUARE":131829,"MINUS_SQUARE_FILL":131830,"MONEY_DOLLAR":131831,"MONEY_DOLLAR_CIRCLE":131832,"MONEY_DOLLAR_CIRCLE_FILL":131833,"MONEY_EURO":131834,"MONEY_EURO_CIRCLE":131835,"MONEY_EURO_CIRCLE_FILL":131836,"MONEY_POUND":131837,"MONEY_POUND_CIRCLE":131838,"MONEY_POUND_CIRCLE_FILL":131839,"MONEY_RUBL":131840,"MONEY_RUBL_CIRCLE":131841,"MONEY_RUBL_CIRCLE_FILL":131842,"MONEY_YEN":131843,"MONEY_YEN_CIRCLE":131844,"MONEY_YEN_CIRCLE_FILL":131845,"MOON":131846,"MOON_CIRCLE":131847,"MOON_CIRCLE_FILL":131848,"MOON_FILL":131849,"MOON_STARS":131850,"MOON_STARS_FILL":131851,"MOON_ZZZ":131852,"MOON_ZZZ_FILL":131853,"MOVE":131854,"MULTIPLY":131855,"MULTIPLY_CIRCLE":131856,"MULTIPLY_CIRCLE_FILL":131857,"MULTIPLY_SQUARE":131858,"MULTIPLY_SQUARE_FILL":131859,"MUSIC_ALBUMS":131860,"MUSIC_ALBUMS_FILL":131861,"MUSIC_HOUSE":131862,"MUSIC_HOUSE_FILL":131863,"MUSIC_MIC":131864,"MUSIC_NOTE":131865,"MUSIC_NOTE_2":131866,"MUSIC_NOTE_LIST":131867,"NEWS":131868,"NEWS_SOLID":131869,"NOSIGN":131870,"NUMBER":131871,"NUMBER_CIRCLE":131872,"NUMBER_CIRCLE_FILL":131873,"NUMBER_SQUARE":131874,"NUMBER_SQUARE_FILL":131875,"OPTION":131876,"PADLOCK":131877,"PADLOCK_SOLID":131878,"PAINTBRUSH":131879,"PAINTBRUSH_FILL":131880,"PANO":131881,"PANO_FILL":131882,"PAPERCLIP":131883,"PAPERPLANE":131884,"PAPERPLANE_FILL":131885,"PARAGRAPH":131886,"PAUSE":131887,"PAUSE_CIRCLE":131888,"PAUSE_CIRCLE_FILL":131889,"PAUSE_FILL":131890,"PAUSE_RECTANGLE":131891,"PAUSE_RECTANGLE_FILL":131892,"PAUSE_SOLID":131893,"PAW":131894,"PAW_SOLID":131895,"PEN":131896,"PENCIL":131897,"PENCIL_CIRCLE":131898,"PENCIL_CIRCLE_FILL":131899,"PENCIL_ELLIPSIS_RECTANGLE":131900,"PENCIL_OUTLINE":131901,"PENCIL_SLASH":131902,"PERCENT":131903,"PERSON":131904,"PERSON_2":131905,"PERSON_2_ALT":131906,"PERSON_2_FILL":131907,"PERSON_2_SQUARE_STACK":131908,"PERSON_2_SQUARE_STACK_FILL":131909,"PERSON_3":131910,"PERSON_3_FILL":131911,"PERSON_ADD":131912,"PERSON_ADD_SOLID":131913,"PERSON_ALT":131914,"PERSON_ALT_CIRCLE":131915,"PERSON_ALT_CIRCLE_FILL":131916,"PERSON_BADGE_MINUS":131917,"PERSON_BADGE_MINUS_FILL":131918,"PERSON_BADGE_PLUS":131919,"PERSON_BADGE_PLUS_FILL":131920,"PERSON_CIRCLE":131921,"PERSON_CIRCLE_FILL":131922,"PERSON_CROP_CIRCLE":131923,"PERSON_CROP_CIRCLE_BADGE_CHECKMARK":131924,"PERSON_CROP_CIRCLE_BADGE_EXCLAM":131925,"PERSON_CROP_CIRCLE_BADGE_MINUS":131926,"PERSON_CROP_CIRCLE_BADGE_PLUS":131927,"PERSON_CROP_CIRCLE_BADGE_XMARK":131928,"PERSON_CROP_CIRCLE_FILL":131929,"PERSON_CROP_CIRCLE_FILL_BADGE_CHECKMARK":131930,"PERSON_CROP_CIRCLE_FILL_BADGE_EXCLAM":131931,"PERSON_CROP_CIRCLE_FILL_BADGE_MINUS":131932,"PERSON_CROP_CIRCLE_FILL_BADGE_PLUS":131933,"PERSON_CROP_CIRCLE_FILL_BADGE_XMARK":131934,"PERSON_CROP_RECTANGLE":131935,"PERSON_CROP_RECTANGLE_FILL":131936,"PERSON_CROP_SQUARE":131937,"PERSON_CROP_SQUARE_FILL":131938,"PERSON_FILL":131939,"PERSON_SOLID":131940,"PERSONALHOTSPOT":131941,"PERSPECTIVE":131942,"PHONE":131943,"PHONE_ARROW_DOWN_LEFT":131944,"PHONE_ARROW_RIGHT":131945,"PHONE_ARROW_UP_RIGHT":131946,"PHONE_BADGE_PLUS":131947,"PHONE_CIRCLE":131948,"PHONE_CIRCLE_FILL":131949,"PHONE_DOWN":131950,"PHONE_DOWN_CIRCLE":131951,"PHONE_DOWN_CIRCLE_FILL":131952,"PHONE_DOWN_FILL":131953,"PHONE_FILL":131954,"PHONE_FILL_ARROW_DOWN_LEFT":131955,"PHONE_FILL_ARROW_RIGHT":131956,"PHONE_FILL_ARROW_UP_RIGHT":131957,"PHONE_FILL_BADGE_PLUS":131958,"PHONE_SOLID":131959,"PHOTO":131960,"PHOTO_CAMERA":131961,"PHOTO_CAMERA_SOLID":131962,"PHOTO_FILL":131963,"PHOTO_FILL_ON_RECTANGLE_FILL":131964,"PHOTO_ON_RECTANGLE":131965,"PIANO":131966,"PIN":131967,"PIN_FILL":131968,"PIN_SLASH":131969,"PIN_SLASH_FILL":131970,"PLACEMARK":131971,"PLACEMARK_FILL":131972,"PLAY":131973,"PLAY_ARROW":131974,"PLAY_ARROW_SOLID":131975,"PLAY_CIRCLE":131976,"PLAY_CIRCLE_FILL":131977,"PLAY_FILL":131978,"PLAY_RECTANGLE":131979,"PLAY_RECTANGLE_FILL":131980,"PLAYPAUSE":131981,"PLAYPAUSE_FILL":131982,"PLUS":131983,"PLUS_APP":131984,"PLUS_APP_FILL":131985,"PLUS_BUBBLE":131986,"PLUS_BUBBLE_FILL":131987,"PLUS_CIRCLE":131988,"PLUS_CIRCLE_FILL":131989,"PLUS_CIRCLED":131990,"PLUS_RECTANGLE":131991,"PLUS_RECTANGLE_FILL":131992,"PLUS_RECTANGLE_FILL_ON_RECTANGLE_FILL":131993,"PLUS_RECTANGLE_ON_RECTANGLE":131994,"PLUS_SLASH_MINUS":131995,"PLUS_SQUARE":131996,"PLUS_SQUARE_FILL":131997,"PLUS_SQUARE_FILL_ON_SQUARE_FILL":131998,"PLUS_SQUARE_ON_SQUARE":131999,"PLUSMINUS":132000,"PLUSMINUS_CIRCLE":132001,"PLUSMINUS_CIRCLE_FILL":132002,"POWER":132003,"PRINTER":132004,"PRINTER_FILL":132005,"PROFILE_CIRCLED":132006,"PROJECTIVE":132007,"PURCHASED":132008,"PURCHASED_CIRCLE":132009,"PURCHASED_CIRCLE_FILL":132010,"QRCODE":132011,"QRCODE_VIEWFINDER":132012,"QUESTION":132013,"QUESTION_CIRCLE":132014,"QUESTION_CIRCLE_FILL":132015,"QUESTION_DIAMOND":132016,"QUESTION_DIAMOND_FILL":132017,"QUESTION_SQUARE":132018,"QUESTION_SQUARE_FILL":132019,"QUOTE_BUBBLE":132020,"QUOTE_BUBBLE_FILL":132021,"RADIOWAVES_LEFT":132022,"RADIOWAVES_RIGHT":132023,"RAYS":132024,"RECORDINGTAPE":132025,"RECTANGLE":132026,"RECTANGLE_3_OFFGRID":132027,"RECTANGLE_3_OFFGRID_FILL":132028,"RECTANGLE_ARROW_UP_RIGHT_ARROW_DOWN_LEFT":132029,"RECTANGLE_ARROW_UP_RIGHT_ARROW_DOWN_LEFT_SLASH":132030,"RECTANGLE_BADGE_CHECKMARK":132031,"RECTANGLE_BADGE_XMARK":132032,"RECTANGLE_COMPRESS_VERTICAL":132033,"RECTANGLE_DOCK":132034,"RECTANGLE_EXPAND_VERTICAL":132035,"RECTANGLE_FILL":132036,"RECTANGLE_FILL_BADGE_CHECKMARK":132037,"RECTANGLE_FILL_BADGE_XMARK":132038,"RECTANGLE_FILL_ON_RECTANGLE_ANGLED_FILL":132039,"RECTANGLE_FILL_ON_RECTANGLE_FILL":132040,"RECTANGLE_GRID_1X2":132041,"RECTANGLE_GRID_1X2_FILL":132042,"RECTANGLE_GRID_2X2":132043,"RECTANGLE_GRID_2X2_FILL":132044,"RECTANGLE_GRID_3X2":132045,"RECTANGLE_GRID_3X2_FILL":132046,"RECTANGLE_ON_RECTANGLE":132047,"RECTANGLE_ON_RECTANGLE_ANGLED":132048,"RECTANGLE_PAPERCLIP":132049,"RECTANGLE_SPLIT_3X1":132050,"RECTANGLE_SPLIT_3X1_FILL":132051,"RECTANGLE_SPLIT_3X3":132052,"RECTANGLE_SPLIT_3X3_FILL":132053,"RECTANGLE_STACK":132054,"RECTANGLE_STACK_BADGE_MINUS":132055,"RECTANGLE_STACK_BADGE_PERSON_CROP":132056,"RECTANGLE_STACK_BADGE_PLUS":132057,"RECTANGLE_STACK_FILL":132058,"RECTANGLE_STACK_FILL_BADGE_MINUS":132059,"RECTANGLE_STACK_FILL_BADGE_PERSON_CROP":132060,"RECTANGLE_STACK_FILL_BADGE_PLUS":132061,"RECTANGLE_STACK_PERSON_CROP":132062,"RECTANGLE_STACK_PERSON_CROP_FILL":132063,"REFRESH":132064,"REFRESH_BOLD":132065,"REFRESH_CIRCLED":132066,"REFRESH_CIRCLED_SOLID":132067,"REFRESH_THICK":132068,"REFRESH_THIN":132069,"REPEAT":132070,"REPEAT_1":132071,"REPLY":132072,"REPLY_ALL":132073,"REPLY_THICK_SOLID":132074,"RESIZE":132075,"RESIZE_H":132076,"RESIZE_V":132077,"RESTART":132078,"RETURN_ICON":132079,"RHOMBUS":132080,"RHOMBUS_FILL":132081,"RIGHT_CHEVRON":132082,"ROCKET":132083,"ROCKET_FILL":132084,"ROSETTE":132085,"ROTATE_LEFT":132086,"ROTATE_LEFT_FILL":132087,"ROTATE_RIGHT":132088,"ROTATE_RIGHT_FILL":132089,"SCISSORS":132090,"SCISSORS_ALT":132091,"SCOPE":132092,"SCRIBBLE":132093,"SEARCH":132094,"SEARCH_CIRCLE":132095,"SEARCH_CIRCLE_FILL":132096,"SELECTION_PIN_IN_OUT":132097,"SETTINGS":132098,"SETTINGS_SOLID":132099,"SHARE":132100,"SHARE_SOLID":132101,"SHARE_UP":132102,"SHIELD":132103,"SHIELD_FILL":132104,"SHIELD_LEFTHALF_FILL":132105,"SHIELD_SLASH":132106,"SHIELD_SLASH_FILL":132107,"SHIFT":132108,"SHIFT_FILL":132109,"SHOPPING_CART":132110,"SHUFFLE":132111,"SHUFFLE_MEDIUM":132112,"SHUFFLE_THICK":132113,"SIDEBAR_LEFT":132114,"SIDEBAR_RIGHT":132115,"SIGNATURE":132116,"SKEW":132117,"SLASH_CIRCLE":132118,"SLASH_CIRCLE_FILL":132119,"SLIDER_HORIZONTAL_3":132120,"SLIDER_HORIZONTAL_BELOW_RECTANGLE":132121,"SLOWMO":132122,"SMALLCIRCLE_CIRCLE":132123,"SMALLCIRCLE_CIRCLE_FILL":132124,"SMALLCIRCLE_FILL_CIRCLE":132125,"SMALLCIRCLE_FILL_CIRCLE_FILL":132126,"SMILEY":132127,"SMILEY_FILL":132128,"SMOKE":132129,"SMOKE_FILL":132130,"SNOW":132131,"SORT_DOWN":132132,"SORT_DOWN_CIRCLE":132133,"SORT_DOWN_CIRCLE_FILL":132134,"SORT_UP":132135,"SORT_UP_CIRCLE":132136,"SORT_UP_CIRCLE_FILL":132137,"SPARKLES":132138,"SPEAKER":132139,"SPEAKER_1":132140,"SPEAKER_1_FILL":132141,"SPEAKER_2":132142,"SPEAKER_2_FILL":132143,"SPEAKER_3":132144,"SPEAKER_3_FILL":132145,"SPEAKER_FILL":132146,"SPEAKER_SLASH":132147,"SPEAKER_SLASH_FILL":132148,"SPEAKER_SLASH_FILL_RTL":132149,"SPEAKER_SLASH_RTL":132150,"SPEAKER_ZZZ":132151,"SPEAKER_ZZZ_FILL":132152,"SPEAKER_ZZZ_FILL_RTL":132153,"SPEAKER_ZZZ_RTL":132154,"SPEEDOMETER":132155,"SPORTSCOURT":132156,"SPORTSCOURT_FILL":132157,"SQUARE":132158,"SQUARE_ARROW_DOWN":132159,"SQUARE_ARROW_DOWN_FILL":132160,"SQUARE_ARROW_DOWN_ON_SQUARE":132161,"SQUARE_ARROW_DOWN_ON_SQUARE_FILL":132162,"SQUARE_ARROW_LEFT":132163,"SQUARE_ARROW_LEFT_FILL":132164,"SQUARE_ARROW_RIGHT":132165,"SQUARE_ARROW_RIGHT_FILL":132166,"SQUARE_ARROW_UP":132167,"SQUARE_ARROW_UP_FILL":132168,"SQUARE_ARROW_UP_ON_SQUARE":132169,"SQUARE_ARROW_UP_ON_SQUARE_FILL":132170,"SQUARE_FAVORITES":132171,"SQUARE_FAVORITES_ALT":132172,"SQUARE_FAVORITES_ALT_FILL":132173,"SQUARE_FAVORITES_FILL":132174,"SQUARE_FILL":132175,"SQUARE_FILL_LINE_VERTICAL_SQUARE":132176,"SQUARE_FILL_LINE_VERTICAL_SQUARE_FILL":132177,"SQUARE_FILL_ON_CIRCLE_FILL":132178,"SQUARE_FILL_ON_SQUARE_FILL":132179,"SQUARE_GRID_2X2":132180,"SQUARE_GRID_2X2_FILL":132181,"SQUARE_GRID_3X2":132182,"SQUARE_GRID_3X2_FILL":132183,"SQUARE_GRID_4X3_FILL":132184,"SQUARE_LEFTHALF_FILL":132185,"SQUARE_LINE_VERTICAL_SQUARE":132186,"SQUARE_LINE_VERTICAL_SQUARE_FILL":132187,"SQUARE_LIST":132188,"SQUARE_LIST_FILL":132189,"SQUARE_ON_CIRCLE":132190,"SQUARE_ON_SQUARE":132191,"SQUARE_PENCIL":132192,"SQUARE_PENCIL_FILL":132193,"SQUARE_RIGHTHALF_FILL":132194,"SQUARE_SPLIT_1X2":132195,"SQUARE_SPLIT_1X2_FILL":132196,"SQUARE_SPLIT_2X1":132197,"SQUARE_SPLIT_2X1_FILL":132198,"SQUARE_SPLIT_2X2":132199,"SQUARE_SPLIT_2X2_FILL":132200,"SQUARE_STACK":132201,"SQUARE_STACK_3D_DOWN_DOTTEDLINE":132202,"SQUARE_STACK_3D_DOWN_RIGHT":132203,"SQUARE_STACK_3D_DOWN_RIGHT_FILL":132204,"SQUARE_STACK_3D_UP":132205,"SQUARE_STACK_3D_UP_FILL":132206,"SQUARE_STACK_3D_UP_SLASH":132207,"SQUARE_STACK_3D_UP_SLASH_FILL":132208,"SQUARE_STACK_FILL":132209,"SQUARES_BELOW_RECTANGLE":132210,"STAR":132211,"STAR_CIRCLE":132212,"STAR_CIRCLE_FILL":132213,"STAR_FILL":132214,"STAR_LEFTHALF_FILL":132215,"STAR_SLASH":132216,"STAR_SLASH_FILL":132217,"STAROFLIFE":132218,"STAROFLIFE_FILL":132219,"STOP":132220,"STOP_CIRCLE":132221,"STOP_CIRCLE_FILL":132222,"STOP_FILL":132223,"STOPWATCH":132224,"STOPWATCH_FILL":132225,"STRIKETHROUGH":132226,"SUIT_CLUB":132227,"SUIT_CLUB_FILL":132228,"SUIT_DIAMOND":132229,"SUIT_DIAMOND_FILL":132230,"SUIT_HEART":132231,"SUIT_HEART_FILL":132232,"SUIT_SPADE":132233,"SUIT_SPADE_FILL":132234,"SUM":132235,"SUN_DUST":132236,"SUN_DUST_FILL":132237,"SUN_HAZE":132238,"SUN_HAZE_FILL":132239,"SUN_MAX":132240,"SUN_MAX_FILL":132241,"SUN_MIN":132242,"SUN_MIN_FILL":132243,"SUNRISE":132244,"SUNRISE_FILL":132245,"SUNSET":132246,"SUNSET_FILL":132247,"SWITCH_CAMERA":132248,"SWITCH_CAMERA_SOLID":132249,"T_BUBBLE":132250,"T_BUBBLE_FILL":132251,"TABLE":132252,"TABLE_BADGE_MORE":132253,"TABLE_BADGE_MORE_FILL":132254,"TABLE_FILL":132255,"TAG":132256,"TAG_CIRCLE":132257,"TAG_CIRCLE_FILL":132258,"TAG_FILL":132259,"TAG_SOLID":132260,"TAGS":132261,"TAGS_SOLID":132262,"TEXT_ALIGNCENTER":132263,"TEXT_ALIGNLEFT":132264,"TEXT_ALIGNRIGHT":132265,"TEXT_APPEND":132266,"TEXT_BADGE_CHECKMARK":132267,"TEXT_BADGE_MINUS":132268,"TEXT_BADGE_PLUS":132269,"TEXT_BADGE_STAR":132270,"TEXT_BADGE_XMARK":132271,"TEXT_BUBBLE":132272,"TEXT_BUBBLE_FILL":132273,"TEXT_CURSOR":132274,"TEXT_INSERT":132275,"TEXT_JUSTIFY":132276,"TEXT_JUSTIFYLEFT":132277,"TEXT_JUSTIFYRIGHT":132278,"TEXT_QUOTE":132279,"TEXTBOX":132280,"TEXTFORMAT":132281,"TEXTFORMAT_123":132282,"TEXTFORMAT_ABC":132283,"TEXTFORMAT_ABC_DOTTEDUNDERLINE":132284,"TEXTFORMAT_ALT":132285,"TEXTFORMAT_SIZE":132286,"TEXTFORMAT_SUBSCRIPT":132287,"TEXTFORMAT_SUPERSCRIPT":132288,"THERMOMETER":132289,"THERMOMETER_SNOWFLAKE":132290,"THERMOMETER_SUN":132291,"TICKET":132292,"TICKET_FILL":132293,"TICKETS":132294,"TICKETS_FILL":132295,"TIME":132296,"TIME_SOLID":132297,"TIMELAPSE":132298,"TIMER":132299,"TIMER_FILL":132300,"TODAY":132301,"TODAY_FILL":132302,"TORNADO":132303,"TORTOISE":132304,"TORTOISE_FILL":132305,"TRAIN_STYLE_ONE":132306,"TRAIN_STYLE_TWO":132307,"TRAM_FILL":132308,"TRASH":132309,"TRASH_CIRCLE":132310,"TRASH_CIRCLE_FILL":132311,"TRASH_FILL":132312,"TRASH_SLASH":132313,"TRASH_SLASH_FILL":132314,"TRAY":132315,"TRAY_2":132316,"TRAY_2_FILL":132317,"TRAY_ARROW_DOWN":132318,"TRAY_ARROW_DOWN_FILL":132319,"TRAY_ARROW_UP":132320,"TRAY_ARROW_UP_FILL":132321,"TRAY_FILL":132322,"TRAY_FULL":132323,"TRAY_FULL_FILL":132324,"TREE":132325,"TRIANGLE":132326,"TRIANGLE_FILL":132327,"TRIANGLE_LEFTHALF_FILL":132328,"TRIANGLE_RIGHTHALF_FILL":132329,"TROPICALSTORM":132330,"TUNINGFORK":132331,"TV":132332,"TV_CIRCLE":132333,"TV_CIRCLE_FILL":132334,"TV_FILL":132335,"TV_MUSIC_NOTE":132336,"TV_MUSIC_NOTE_FILL":132337,"UIWINDOW_SPLIT_2X1":132338,"UMBRELLA":132339,"UMBRELLA_FILL":132340,"UNDERLINE":132341,"UP_ARROW":132342,"UPLOAD_CIRCLE":132343,"UPLOAD_CIRCLE_FILL":132344,"VIDEO_CAMERA":132345,"VIDEO_CAMERA_SOLID":132346,"VIDEOCAM":132347,"VIDEOCAM_CIRCLE":132348,"VIDEOCAM_CIRCLE_FILL":132349,"VIDEOCAM_FILL":132350,"VIEW_2D":132351,"VIEW_3D":132352,"VIEWFINDER":132353,"VIEWFINDER_CIRCLE":132354,"VIEWFINDER_CIRCLE_FILL":132355,"VOLUME_DOWN":132356,"VOLUME_MUTE":132357,"VOLUME_OFF":132358,"VOLUME_UP":132359,"WAND_RAYS":132360,"WAND_RAYS_INVERSE":132361,"WAND_STARS":132362,"WAND_STARS_INVERSE":132363,"WAVEFORM":132364,"WAVEFORM_CIRCLE":132365,"WAVEFORM_CIRCLE_FILL":132366,"WAVEFORM_PATH":132367,"WAVEFORM_PATH_BADGE_MINUS":132368,"WAVEFORM_PATH_BADGE_PLUS":132369,"WAVEFORM_PATH_ECG":132370,"WIFI":132371,"WIFI_EXCLAMATIONMARK":132372,"WIFI_SLASH":132373,"WIND":132374,"WIND_SNOW":132375,"WRENCH":132376,"WRENCH_FILL":132377,"XMARK":132378,"XMARK_CIRCLE":132379,"XMARK_CIRCLE_FILL":132380,"XMARK_OCTAGON":132381,"XMARK_OCTAGON_FILL":132382,"XMARK_RECTANGLE":132383,"XMARK_RECTANGLE_FILL":132384,"XMARK_SEAL":132385,"XMARK_SEAL_FILL":132386,"XMARK_SHIELD":132387,"XMARK_SHIELD_FILL":132388,"XMARK_SQUARE":132389,"XMARK_SQUARE_FILL":132390,"ZOOM_IN":132391,"ZOOM_OUT":132392,"ZZZ":132393}
